<?xml version="1.0" encoding="UTF-8"?>
<project-private xmlns="http://www.netbeans.org/ns/project-private/1">
    <editor-bookmarks xmlns="http://www.netbeans.org/ns/editor-bookmarks/2" lastBookmarkId="0"/>
    <open-files xmlns="http://www.netbeans.org/ns/projectui-open-files/2">
        <group>
            <file>file:/home/kukuh/NetBeansProjects/hitunghuruf/src/mahaSiswa.java</file>
            <file>file:/home/kukuh/NetBeansProjects/hitunghuruf/src/hitung.java</file>
            <file>file:/home/kukuh/NetBeansProjects/hitunghuruf/src/hewan.java</file>
            <file>file:/home/kukuh/NetBeansProjects/hitunghuruf/src/karyawan.java</file>
            <file>file:/home/kukuh/NetBeansProjects/hitunghuruf/src/dosen.java</file>
            <file>file:/home/kukuh/NetBeansProjects/hitunghuruf/src/mainHewan.java</file>
        </group>
    </open-files>
</project-private>
